id,first_name,last_name,email,country
1,Bianca,Sheehan,bsheehan0@wordpress.org,United States
2,Paige,Gildroy,pgildroy1@ucoz.ru,Poland
3,Allys,Stonehewer,astonehewer2@privacy.gov.au,Portugal
4,Dieter,Onn,donn3@networksolutions.com,Portugal
5,Smith,Ceschi,sceschi4@ftc.gov,Poland
6,Immanuel,Pritty,ipritty5@nymag.com,Portugal
7,Kathe,Spellard,kspellard6@eepurl.com,Ukraine
8,Lonnie,Adolfsen,ladolfsen7@foxnews.com,Canada
9,Kate,Trubshaw,ktrubshaw8@whitehouse.gov,Portugal
10,Neda,Tiner,ntiner9@google.es,Canada
11,Carmelita,Weldon,cweldona@ibm.com,Italy
12,Ritchie,Turbill,rturbillb@fotki.com,Portugal
13,Helena,Dodridge,hdodridgec@apache.org,United States
14,Hobart,Ege,heged@kickstarter.com,Ukraine
15,Prentice,Kochel,pkochele@sakura.ne.jp,Germany
16,Debra,Blitz,dblitzf@mozilla.com,Japan
17,Edward,Cheetham,echeethamg@de.vu,Portugal
18,Cloris,Paolini,cpaolinih@photobucket.com,Poland
19,Delilah,Allardyce,dallardycei@virginia.edu,Ukraine
20,Davin,Labitt,dlabittj@mlb.com,France
21,Chicky,Knowles,cknowlesk@themeforest.net,France
22,Kit,Gammack,kgammackl@ca.gov,Portugal
23,Shauna,Martineau,smartineaum@usa.gov,Portugal
24,Giacopo,Murray,gmurrayn@myspace.com,Portugal
25,Mylo,Chalice,mchaliceo@upenn.edu,Portugal
26,Garrot,MacFarland,gmacfarlandp@blog.com,France
27,Gris,Boleyn,gboleynq@census.gov,United States
28,Tully,Lowell,tlowellr@slate.com,Japan
29,Wildon,Eayrs,weayrss@state.gov,France
30,Maressa,Okenden,mokendent@phpbb.com,Canada
31,Wanda,Upcraft,wupcraftu@tinypic.com,United States
32,Rosemarie,Crone,rcronev@forbes.com,Ukraine
33,Lainey,Dulton,ldultonw@foxnews.com,France
34,Nertie,Stainsby,nstainsbyx@nbcnews.com,United States
35,Timmie,Binnion,tbinniony@ovh.net,United States
36,Lyda,Paraman,lparamanz@facebook.com,Poland
37,Wilmer,Sweeten,wsweeten10@paypal.com,Ukraine
38,Uri,Luckey,uluckey11@google.com.hk,Ukraine
39,Cristy,Bellringer,cbellringer12@nymag.com,Japan
40,Ginnie,Trimbey,gtrimbey13@cbc.ca,United States
41,Mari,Severy,msevery14@liveinternet.ru,Canada
42,Jeanette,MacDunlevy,jmacdunlevy15@hud.gov,Mexico
43,Trudi,Eilhersen,teilhersen16@time.com,Poland
44,Norine,Boyen,nboyen17@twitter.com,United States
45,Tani,Persitt,tpersitt18@cdc.gov,Ukraine
46,Rollo,Champken,rchampken19@digg.com,Poland
47,Katusha,Meas,kmeas1a@washingtonpost.com,France
48,Meghan,Liggett,mliggett1b@abc.net.au,United States
49,Vin,Blaiklock,vblaiklock1c@4shared.com,Poland
50,Irv,Leahy,ileahy1d@booking.com,Poland
51,Andrus,Collingham,acollingham1e@disqus.com,France
52,Eugenius,Doughty,edoughty1f@hao123.com,United States
53,Tisha,Oxbury,toxbury1g@columbia.edu,Portugal
54,Nicol,Belbin,nbelbin1h@google.pl,Portugal
55,Giulia,Freeberne,gfreeberne1i@cbc.ca,Portugal
56,Denni,Adel,dadel1j@google.nl,Portugal
57,Iggie,Boulden,iboulden1k@toplist.cz,Japan
58,Wynn,Moral,wmoral1l@slate.com,France
59,Benetta,Caplis,bcaplis1m@nifty.com,France
60,Theodore,Collidge,tcollidge1n@google.fr,Germany
61,Lyn,O'Sirin,losirin1o@blogger.com,Poland
62,Leland,Lefort,llefort1p@prweb.com,Portugal
63,Michelina,Tolchar,mtolchar1q@sciencedirect.com,Poland
64,Guido,Silbermann,gsilbermann1r@ca.gov,Portugal
65,Terrijo,Shawell,tshawell1s@dmoz.org,Portugal
66,Roanna,Sanday,rsanday1t@nymag.com,Portugal
67,Galina,Weildish,gweildish1u@networkadvertising.org,United States
68,Roberta,Bridgewood,rbridgewood1v@free.fr,Poland
69,Nathanial,Benedidick,nbenedidick1w@godaddy.com,Poland
70,Lexine,Wagon,lwagon1x@upenn.edu,Canada
71,Callida,Palle,cpalle1y@dagondesign.com,Portugal
72,Mary,Royce,mroyce1z@fc2.com,Ukraine
73,Fulton,Bater,fbater20@fotki.com,Poland
74,Blisse,Alvy,balvy21@prlog.org,Portugal
75,Zoe,Giriardelli,zgiriardelli22@archive.org,Japan
76,Astrix,Brocks,abrocks23@feedburner.com,Poland
77,Billi,Meredyth,bmeredyth24@msn.com,Italy
78,Brad,Beeden,bbeeden25@acquirethisname.com,France
79,Kaye,MacCostigan,kmaccostigan26@yandex.ru,Poland
80,Batsheva,Heggie,bheggie27@free.fr,Ukraine
81,Marie-ann,Shynn,mshynn28@boston.com,Poland
82,Sherill,Westmarland,swestmarland29@google.nl,Poland
83,Colet,Deavall,cdeavall2a@smugmug.com,Italy
84,Tiena,Goter,tgoter2b@bloglines.com,United States
85,Allyn,Issacoff,aissacoff2c@prweb.com,Canada
86,Hanson,Roskam,hroskam2d@spiegel.de,United States
87,Laural,Simnell,lsimnell2e@discovery.com,United States
88,Lock,Inworth,linworth2f@cbc.ca,Poland
89,Paulina,Zelland,pzelland2g@xing.com,Poland
90,Dore,Dunan,ddunan2h@fastcompany.com,France
91,Gard,Bilbey,gbilbey2i@nasa.gov,France
92,Elayne,Whicher,ewhicher2j@google.de,France
93,Marissa,Lodewick,mlodewick2k@aboutads.info,Ukraine
94,Valentia,Varley,vvarley2l@shop-pro.jp,Poland
95,Margie,Frostdick,mfrostdick2m@home.pl,France
96,Cornelia,Bordes,cbordes2n@multiply.com,Mexico
97,Missie,Lefort,mlefort2o@usda.gov,United States
98,Rici,Petrolli,rpetrolli2p@xinhuanet.com,Ukraine
99,Alena,Rollin,arollin2q@canalblog.com,Ukraine
100,Phoebe,Briddle,pbriddle2r@geocities.jp,Poland
